vitesse moteur,rapport enviolo,vitesse voiture m/s,vitesse km/h
0.0,0.5,,
1.0,0.5,,
1.0013360053440215,0.5,,
2.002672010688043,0.5,,
3.0040080160320644,0.5,,
4.005344021376086,0.5,,
5.006680026720107,0.5,,
6.008016032064129,0.5,,
7.00935203740815,0.5,,
8.010688042752172,0.5,,
9.012024048096194,0.5,,
10.013360053440215,0.5,,
11.014696058784235,0.5,,
12.016032064128257,0.5,,
13.01736806947228,0.5,,
14.0187040748163,0.5,,
15.02004008016032,0.5,,
16.021376085504343,0.5,,
17.022712090848366,0.5,,
18.024048096192388,0.5,,
19.025384101536407,0.5,,
20.02672010688043,0.5,,
21.02805611222445,0.5,,
22.02939211756847,0.5,,
23.030728122912492,0.5,,
24.032064128256515,0.5,,
25.033400133600537,0.5,,
26.03473613894456,0.5,,
27.03607214428858,0.5,,
28.0374081496326,0.5,,
29.038744154976623,0.5,,
30.04008016032064,0.5,,
31.041416165664664,0.5,,
32.042752171008686,0.5,,
33.04408817635271,0.5,,
34.04542418169673,0.5,,
35.04676018704075,0.5,,
36.048096192384776,0.5,,
37.04943219772879,0.5,,
38.05076820307281,0.5,,
39.052104208416836,0.5,,
40.05344021376086,0.5,,
41.05477621910488,0.5,,
42.0561122244489,0.5,,
43.057448229792925,0.5,,
44.05878423513694,0.5,,
45.06012024048096,0.5,,
46.061456245824985,0.5,,
47.06279225116901,0.5,,
48.06412825651303,0.5,,
49.06546426185705,0.5,,
50.066800267201074,0.5,,
51.0681362725451,0.5,,
52.06947227788912,0.5,,
53.070808283233134,0.5,,
54.07214428857716,0.5,,
55.07348029392118,0.5,,
56.0748162992652,0.5,,
57.076152304609224,0.5,,
58.077488309953246,0.5,,
59.07882431529727,0.5,,
60.08016032064128,0.5,,
61.081496325985306,0.5,,
62.08283233132933,0.5,,
63.08416833667335,0.5,,
64.08550434201737,0.5,,
65.08684034736139,0.5,,
66.08817635270542,0.5,,
67.08951235804943,0.5,,
68.09084836339346,0.5,,
69.09218436873748,0.5,,
70.0935203740815,0.5,,
71.09485637942552,0.5,,
72.09619238476955,0.5,,
73.09752839011357,0.5,,
74.09886439545758,0.5,,
75.10020040080161,0.5,,
76.10153640614563,0.5,,
77.10287241148966,0.5,,
78.10420841683367,0.5,,
79.1055444221777,0.5,,
80.10688042752172,0.5,,
81.10821643286573,0.5,,
82.10955243820976,0.5,,
83.11088844355378,0.5,,
84.1122244488978,0.5,,
85.11356045424182,0.5,,
86.11489645958585,0.5,,
87.11623246492987,0.5,,
88.11756847027388,0.5,,
89.11890447561791,0.5,,
90.12024048096193,0.5,,
91.12157648630595,0.5,,
92.12291249164997,0.5,,
93.124248496994,0.5,,
94.12558450233801,0.5,,
95.12692050768204,0.5,,
96.12825651302606,0.5,,
97.12959251837007,0.5,,
98.1309285237141,0.5,,
99.13226452905812,0.5,,
100.13360053440215,0.5,,
101.13493653974616,0.5,,
102.1362725450902,0.5,,
103.13760855043421,0.5,,
104.13894455577824,0.5,,
105.14028056112225,0.5,,
106.14161656646627,0.5,,
107.1429525718103,0.5,,
108.14428857715431,0.5,,
109.14562458249834,0.5,,
110.14696058784236,0.5,,
111.14829659318639,0.5,,
112.1496325985304,0.5,,
113.15096860387442,0.5,,
114.15230460921845,0.5,,
115.15364061456246,0.5,,
116.15497661990649,0.5,,
117.15631262525051,0.5,,
118.15764863059454,0.5,,
119.15898463593855,0.5,,
120.16032064128257,0.5,,
121.1616566466266,0.5,,
122.16299265197061,0.5,,
123.16432865731464,0.5,,
124.16566466265866,0.5,,
125.16700066800269,0.5,,
126.1683366733467,0.5,,
127.16967267869073,0.5,,
128.17100868403475,0.5,,
129.17234468937878,0.5,,
130.17368069472278,0.5,,
131.1750167000668,0.5,,
132.17635270541084,0.5,,
133.17768871075486,0.5,,
134.17902471609887,0.5,,
135.1803607214429,0.5,,
136.18169672678692,0.5,,
137.18303273213093,0.5,,
138.18436873747495,0.5,,
139.18570474281898,0.5,,
140.187040748163,0.5,,
141.18837675350701,0.5,,
142.18971275885104,0.5,,
143.19104876419507,0.5,,
144.1923847695391,0.5,,
145.1937207748831,0.5,,
146.19505678022713,0.5,,
147.19639278557116,0.5,,
148.19772879091516,0.5,,
149.1990647962592,0.5,,
150.20040080160322,0.5,,
151.20173680694725,0.5,,
152.20307281229125,0.5,,
153.20440881763528,0.5,,
154.2057448229793,0.5,,
155.2070808283233,0.5,,
156.20841683366734,0.5,,
157.20975283901137,0.5,,
158.2110888443554,0.5,,
159.2124248496994,0.5,,
160.21376085504343,0.5,,
161.21509686038746,0.5,,
162.21643286573146,0.5,,
163.2177688710755,0.5,,
164.21910487641952,0.5,,
165.22044088176355,0.5,,
166.22177688710755,0.5,,
167.22311289245158,0.5,,
168.2244488977956,0.5,,
169.2257849031396,0.5,,
170.22712090848364,0.5,,
171.22845691382767,0.5,,
172.2297929191717,0.5,,
173.2311289245157,0.5,,
174.23246492985973,0.5,,
175.23380093520376,0.5,,
176.23513694054776,0.5,,
177.2364729458918,0.5,,
178.23780895123582,0.5,,
179.23914495657985,0.5,,
180.24048096192385,0.5,,
181.24181696726788,0.5,,
182.2431529726119,0.5,,
183.24448897795594,0.5,,
184.24582498329994,0.5,,
185.24716098864397,0.5,,
186.248496993988,0.5,,
187.249832999332,0.5,,
188.25116900467603,0.5,,
189.25250501002006,0.5,,
190.2538410153641,0.5,,
191.2551770207081,0.5,,
192.25651302605212,0.5,,
193.25784903139615,0.5,,
194.25918503674015,0.5,,
195.26052104208418,0.5,,
196.2618570474282,0.5,,
197.26319305277224,0.5,,
198.26452905811624,0.5,,
199.26586506346027,0.5,,
200.2672010688043,0.5,,
201.2685370741483,0.5,,
202.26987307949233,0.5,,
203.27120908483636,0.5,,
204.2725450901804,0.5,,
205.2738810955244,0.5,,
206.27521710086842,0.5,,
207.27655310621245,0.5,,
208.27788911155648,0.5,,
209.27922511690048,0.5,,
210.2805611222445,0.5,,
211.28189712758854,0.5,,
212.28323313293254,0.5,,
213.28456913827657,0.5,,
214.2859051436206,0.5,,
215.28724114896463,0.5,,
216.28857715430863,0.5,,
217.28991315965266,0.5,,
218.29124916499669,0.5,,
219.2925851703407,0.5,,
220.29392117568472,0.5,,
221.29525718102875,0.5,,
222.29659318637277,0.5,,
223.29792919171678,0.5,,
224.2992651970608,0.5,,
225.30060120240483,0.5,,
226.30193720774884,0.5,,
227.30327321309287,0.5,,
228.3046092184369,0.5,,
229.30594522378092,0.5,,
230.30728122912492,0.5,,
231.30861723446895,0.5,,
232.30995323981298,0.5,,
233.31128924515698,0.5,,
234.31262525050101,0.5,,
235.31396125584504,0.5,,
236.31529726118907,0.5,,
237.31663326653307,0.5,,
238.3179692718771,0.5,,
239.31930527722113,0.5,,
240.32064128256513,0.5,,
241.32197728790916,0.5,,
242.3233132932532,0.5,,
243.32464929859722,0.5,,
244.32598530394122,0.5,,
245.32732130928525,0.5,,
246.32865731462928,0.5,,
247.3299933199733,0.5,,
248.3313293253173,0.5,,
249.33266533066134,0.5,,
250.33400133600537,0.5,,
251.33533734134937,0.5,,
252.3366733466934,0.5,,
253.33800935203743,0.5,,
254.33934535738146,0.5,,
255.34068136272546,0.5,,
256.3420173680695,0.5,,
257.3433533734135,0.5,,
258.34468937875755,0.5,,
259.34602538410155,0.5,,
260.34736138944555,0.5,,
261.3486973947896,0.5,,
262.3500334001336,0.5,,
263.35136940547767,0.5,,
264.35270541082167,0.5,,
265.35404141616567,0.5,,
266.35537742150973,0.5,,
267.35671342685373,0.5,,
268.35804943219773,0.5,,
269.3593854375418,0.5,,
270.3607214428858,0.5,,
271.3620574482298,0.5,,
272.36339345357385,0.5,,
273.36472945891785,0.5,,
274.36606546426185,0.5,,
275.3674014696059,0.5,,
276.3687374749499,0.5,,
277.37007348029397,0.5,,
278.37140948563797,0.5,,
279.37274549098197,0.5,,
280.374081496326,0.5,,
281.37541750167003,0.5,,
282.37675350701403,0.5,,
283.3780895123581,0.5,,
284.3794255177021,0.5,,
285.3807615230461,0.5,,
286.38209752839015,0.5,,
287.38343353373415,0.5,,
288.3847695390782,0.5,,
289.3861055444222,0.5,,
290.3874415497662,0.5,,
291.38877755511027,0.5,,
292.39011356045427,0.5,,
293.39144956579827,0.5,,
294.3927855711423,0.5,,
295.3941215764863,0.5,,
296.3954575818303,0.5,,
297.3967935871744,0.5,,
298.3981295925184,0.5,,
299.3994655978624,0.5,,
300.40080160320645,0.5,,
301.40213760855045,0.5,,
302.4034736138945,0.5,,
303.4048096192385,0.5,,
304.4061456245825,0.5,,
305.40748162992656,0.5,,
306.40881763527057,0.5,,
307.41015364061457,0.5,,
308.4114896459586,0.5,,
309.4128256513026,0.5,,
310.4141616566466,0.5,,
311.4154976619907,0.5,,
312.4168336673347,0.5,,
313.4181696726787,0.5,,
314.41950567802274,0.5,,
315.42084168336675,0.5,,
316.4221776887108,0.5,,
317.4235136940548,0.5,,
318.4248496993988,0.5,,
319.42618570474286,0.5,,
320.42752171008686,0.5,,
321.42885771543087,0.5,,
322.4301937207749,0.5,,
323.4315297261189,0.5,,
324.4328657314629,0.5,,
325.434201736807,0.5,,
326.435537742151,0.5,,
327.43687374749504,0.5,,
328.43820975283904,0.5,,
329.43954575818304,0.5,,
330.4408817635271,0.5,,
331.4422177688711,0.5,,
332.4435537742151,0.5,,
333.44488977955916,0.5,,
334.44622578490316,0.5,,
335.44756179024716,0.5,,
336.4488977955912,0.5,,
337.4502338009352,0.5,,
338.4515698062792,0.5,,
339.4529058116233,0.5,,
340.4542418169673,0.5,,
341.45557782231134,0.5,,
342.45691382765534,0.5,,
343.45824983299934,0.5,,
344.4595858383434,0.5,,
345.4609218436874,0.5,,
346.4622578490314,0.5,,
347.46359385437546,0.5,,
348.46492985971946,0.5,,
349.46626586506346,0.5,,
350.4676018704075,0.5,,
351.4689378757515,0.5,,
352.4702738810955,0.5,,
353.4716098864396,0.5,,
354.4729458917836,0.5,,
355.47428189712764,0.5,,
356.47561790247164,0.5,,
357.47695390781564,0.5,,
358.4782899131597,0.5,,
359.4796259185037,0.5,,
360.4809619238477,0.5,,
361.48229792919176,0.5,,
362.48363393453576,0.5,,
363.48496993987976,0.5,,
364.4863059452238,0.5,,
365.4876419505678,0.5,,
366.4889779559119,0.5,,
367.4903139612559,0.5,,
368.4916499665999,0.5,,
369.49298597194394,0.5,,
370.49432197728794,0.5,,
371.49565798263194,0.5,,
372.496993987976,0.5,,
373.49832999332,0.5,,
374.499665998664,0.5,,
375.50100200400806,0.5,,
376.50233800935206,0.5,,
377.50367401469606,0.5,,
378.5050100200401,0.5,,
379.5063460253841,0.5,,
380.5076820307282,0.5,,
381.5090180360722,0.5,,
382.5103540414162,0.5,,
383.51169004676024,0.5,,
384.51302605210424,0.5,,
385.51436205744824,0.5,,
386.5156980627923,0.5,,
387.5170340681363,0.5,,
388.5183700734803,0.5,,
389.51970607882436,0.5,,
390.52104208416836,0.5,,
391.5223780895124,0.5,,
392.5237140948564,0.5,,
393.5250501002004,0.5,,
394.5263861055445,0.5,,
395.5277221108885,0.5,,
396.5290581162325,0.5,,
397.53039412157653,0.5,,
398.53173012692054,0.5,,
399.53306613226454,0.5,,
400.5344021376086,0.5,,
401.5357381429526,0.5,,
402.5370741482966,0.5,,
403.53841015364065,0.5,,
404.53974615898466,0.5,,
405.5410821643287,0.5,,
406.5424181696727,0.5,,
407.5437541750167,0.5,,
408.5450901803608,0.5,,
409.5464261857048,0.5,,
410.5477621910488,0.5,,
411.54909819639283,0.5,,
412.55043420173683,0.5,,
413.55177020708084,0.5,,
414.5531062124249,0.5,,
415.5544422177689,0.5,,
416.55577822311295,0.5,,
417.55711422845695,0.5,,
418.55845023380095,0.5,,
419.559786239145,0.5,,
420.561122244489,0.5,,
421.562458249833,0.5,,
422.5637942551771,0.5,,
423.5651302605211,0.5,,
424.5664662658651,0.5,,
425.56780227120913,0.5,,
426.56913827655313,0.5,,
427.57047428189713,0.5,,
428.5718102872412,0.5,,
429.5731462925852,0.5,,
430.57448229792925,0.5,,
431.57581830327325,0.5,,
432.57715430861725,0.5,,
433.5784903139613,0.5,,
434.5798263193053,0.5,,
435.5811623246493,0.5,,
436.58249832999337,0.5,,
437.5838343353374,0.5,,
438.5851703406814,0.5,,
439.58650634602543,0.5,,
440.58784235136943,0.5,,
441.58917835671343,0.5,,
442.5905143620575,0.5,,
443.5918503674015,0.5,,
444.59318637274555,0.5,,
445.59452237808955,0.5,,
446.59585838343355,0.5,,
447.5971943887776,0.5,,
448.5985303941216,0.5,,
449.5998663994656,0.5,,
450.60120240480967,0.5,,
451.60253841015367,0.5,,
452.60387441549767,0.5,,
453.60521042084173,0.5,,
454.60654642618573,0.5,,
455.6078824315298,0.5,,
456.6092184368738,0.5,,
457.6105544422178,0.5,,
458.61189044756185,0.5,,
459.61322645290585,0.5,,
460.61456245824985,0.5,,
461.6158984635939,0.5,,
462.6172344689379,0.5,,
463.6185704742819,0.5,,
464.61990647962597,0.5,,
465.62124248496997,0.5,,
466.62257849031397,0.5,,
467.623914495658,0.5,,
468.62525050100203,0.5,,
469.6265865063461,0.5,,
470.6279225116901,0.5,,
471.6292585170341,0.5,,
472.63059452237815,0.5,,
473.63193052772215,0.5,,
474.63326653306615,0.5,,
475.6346025384102,0.5,,
476.6359385437542,0.5,,
477.6372745490982,0.5,,
478.63861055444227,0.5,,
479.63994655978627,0.5,,
480.64128256513027,0.5,,
481.6426185704743,0.5,,
482.6439545758183,0.5,,
483.6452905811624,0.5,,
484.6466265865064,0.5,,
485.6479625918504,0.5,,
486.64929859719444,0.5,,
487.65063460253845,0.5,,
488.65197060788245,0.5,,
489.6533066132265,0.5,,
490.6546426185705,0.5,,
491.6559786239145,0.5,,
492.65731462925856,0.5,,
493.65865063460257,0.5,,
494.6599866399466,0.5,,
495.6613226452906,0.5,,
496.6626586506346,0.5,,
497.6639946559787,0.5,,
498.6653306613227,0.5,,
499.6666666666667,0.5,,
500.66800267201074,0.5,,
501.66933867735474,0.5,,
502.67067468269875,0.5,,
503.6720106880428,0.5,,
504.6733466933868,0.5,,
505.6746826987308,0.5,,
506.67601870407486,0.5,,
507.67735470941886,0.5,,
508.6786907147629,0.5,,
509.6800267201069,0.5,,
510.6813627254509,0.5,,
511.682698730795,0.5,,
512.684034736139,0.5,,
513.685370741483,0.5,,
514.686706746827,0.5,,
515.6880427521711,0.5,,
516.6893787575151,0.5,,
517.6907147628591,0.5,,
518.6920507682031,0.5,,
519.6933867735471,0.5,,
520.6947227788911,0.5,,
521.6960587842352,0.5,,
522.6973947895792,0.5,,
523.6987307949232,0.5,,
524.7000668002672,0.5,,
525.7014028056112,0.5,,
526.7027388109553,0.5,,
527.7040748162993,0.5,,
528.7054108216433,0.5,,
529.7067468269873,0.5,,
530.7080828323313,0.5,,
531.7094188376753,0.5,,
532.7107548430195,0.5,,
533.7120908483635,0.5,,
534.7134268537075,0.5,,
535.7147628590515,0.5,,
536.7160988643955,0.5,,
537.7174348697395,0.5,,
538.7187708750836,0.5,,
539.7201068804276,0.5,,
540.7214428857716,0.5,,
541.7227788911156,0.5,,
542.7241148964596,0.5,,
543.7254509018037,0.5,,
544.7267869071477,0.5,,
545.7281229124917,0.5,,
546.7294589178357,0.5,,
547.7307949231797,0.5,,
548.7321309285237,0.5,,
549.7334669338678,0.5,,
550.7348029392118,0.5,,
551.7361389445558,0.5,,
552.7374749498998,0.5,,
553.7388109552438,0.5,,
554.7401469605879,0.5,,
555.7414829659319,0.5,,
556.7428189712759,0.5,,
557.7441549766199,0.5,,
558.7454909819639,0.5,,
559.7468269873079,0.5,,
560.748162992652,0.5,,
561.749498997996,0.5,,
562.7508350033401,0.5,,
563.7521710086841,0.5,,
564.7535070140281,0.5,,
565.7548430193722,0.5,,
566.7561790247162,0.5,,
567.7575150300602,0.5,,
568.7588510354042,0.5,,
569.7601870407482,0.5,,
570.7615230460922,0.5,,
571.7628590514363,0.5,,
572.7641950567803,0.5,,
573.7655310621243,0.5,,
574.7668670674683,0.5,,
575.7682030728123,0.5,,
576.7695390781564,0.5,,
577.7708750835004,0.5,,
578.7722110888444,0.5,,
579.7735470941884,0.5,,
580.7748830995324,0.5,,
581.7762191048764,0.5,,
582.7775551102205,0.5,,
583.7788911155645,0.5,,
584.7802271209085,0.5,,
585.7815631262525,0.5,,
586.7828991315965,0.5,,
587.7842351369405,0.5,,
588.7855711422847,0.5,,
589.7869071476287,0.5,,
590.7882431529727,0.5,,
591.7895791583167,0.5,,
592.7909151636607,0.5,,
593.7922511690048,0.5,,
594.7935871743488,0.5,,
595.7949231796928,0.5,,
596.7962591850368,0.5,,
597.7975951903808,0.5,,
598.7989311957248,0.5,,
599.8002672010689,0.5,,
600.8016032064129,0.5,,
601.8029392117569,0.5,,
602.8042752171009,0.5,,
603.8056112224449,0.5,,
604.806947227789,0.5,,
605.808283233133,0.5,,
606.809619238477,0.5,,
607.810955243821,0.5,,
608.812291249165,0.5,,
609.813627254509,0.5,,
610.8149632598531,0.5,,
611.8162992651971,0.5,,
612.8176352705411,0.5,,
613.8189712758851,0.5,,
614.8203072812291,0.5,,
615.8216432865732,0.5,,
616.8229792919172,0.5,,
617.8243152972613,0.5,,
618.8256513026053,0.5,,
619.8269873079493,0.5,,
620.8283233132933,0.5,,
621.8296593186374,0.5,,
622.8309953239814,0.5,,
623.8323313293254,0.5,,
624.8336673346694,0.5,,
625.8350033400134,0.5,,
626.8363393453574,0.5,,
627.8376753507015,0.5,,
628.8390113560455,0.5,,
629.8403473613895,0.5,,
630.8416833667335,0.5,,
631.8430193720775,0.5,,
632.8443553774216,0.5,,
633.8456913827656,0.5,,
634.8470273881096,0.5,,
635.8483633934536,0.5,,
636.8496993987976,0.5,,
637.8510354041416,0.5,,
638.8523714094857,0.5,,
639.8537074148297,0.5,,
640.8550434201737,0.5,,
641.8563794255177,0.5,,
642.8577154308617,0.5,,
643.8590514362058,0.5,,
644.8603874415498,0.5,,
645.8617234468938,0.5,,
646.8630594522378,0.5,,
647.8643954575818,0.5,,
648.8657314629259,0.5,,
649.86706746827,0.5,,
650.868403473614,0.5,,
651.869739478958,0.5,,
652.871075484302,0.5,,
653.872411489646,0.5,,
654.8737474949901,0.5,,
655.8750835003341,0.5,,
656.8764195056781,0.5,,
657.8777555110221,0.5,,
658.8790915163661,0.5,,
659.8804275217101,0.5,,
660.8817635270542,0.5,,
661.8830995323982,0.5,,
662.8844355377422,0.5,,
663.8857715430862,0.5,,
664.8871075484302,0.5,,
665.8884435537742,0.5,,
666.8897795591183,0.5,,
667.8911155644623,0.5,,
668.8924515698063,0.5,,
669.8937875751503,0.5,,
670.8951235804943,0.5,,
671.8964595858384,0.5,,
672.8977955911824,0.5,,
673.8991315965264,0.5,,
674.9004676018704,0.5,,
675.9018036072144,0.5,,
676.9031396125584,0.5,,
677.9044756179026,0.5,,
678.9058116232466,0.5,,
679.9071476285906,0.5,,
680.9084836339346,0.5,,
681.9098196392786,0.5,,
682.9111556446227,0.5,,
683.9124916499667,0.5,,
684.9138276553107,0.5,,
685.9151636606547,0.5,,
686.9164996659987,0.5,,
687.9178356713427,0.5,,
688.9191716766868,0.5,,
689.9205076820308,0.5,,
690.9218436873748,0.5,,
691.9231796927188,0.5,,
692.9245156980628,0.5,,
693.9258517034069,0.5,,
694.9271877087509,0.5,,
695.9285237140949,0.5,,
696.9298597194389,0.5,,
697.9311957247829,0.5,,
698.9325317301269,0.5,,
699.933867735471,0.5,,
700.935203740815,0.5,,
701.936539746159,0.5,,
702.937875751503,0.5,,
703.939211756847,0.5,,
704.940547762191,0.5,,
705.9418837675352,0.5,,
706.9432197728792,0.5,,
707.9445557782232,0.5,,
708.9458917835672,0.5,,
709.9472277889112,0.5,,
710.9485637942553,0.5,,
711.9498997995993,0.5,,
712.9512358049433,0.5,,
713.9525718102873,0.5,,
714.9539078156313,0.5,,
715.9552438209753,0.5,,
716.9565798263194,0.5,,
717.9579158316634,0.5,,
718.9592518370074,0.5,,
719.9605878423514,0.5,,
720.9619238476954,0.5,,
721.9632598530395,0.5,,
722.9645958583835,0.5,,
723.9659318637275,0.5,,
724.9672678690715,0.5,,
725.9686038744155,0.5,,
726.9699398797595,0.5,,
727.9712758851036,0.5,,
728.9726118904476,0.5,,
729.9739478957916,0.5,,
730.9752839011356,0.5,,
731.9766199064796,0.5,,
732.9779559118238,0.5,,
733.9792919171678,0.5,,
734.9806279225118,0.5,,
735.9819639278558,0.5,,
736.9832999331998,0.5,,
737.9846359385438,0.5,,
738.9859719438879,0.5,,
739.9873079492319,0.5,,
740.9886439545759,0.5,,
741.9899799599199,0.5,,
742.9913159652639,0.5,,
743.992651970608,0.5,,
744.993987975952,0.5,,
745.995323981296,0.5,,
746.99665998664,0.5,,
747.997995991984,0.5,,
748.999331997328,0.5,,
750.0006680026721,0.5,,
751.0020040080161,0.5,,
752.0033400133601,0.5,,
753.0046760187041,0.5,,
754.0060120240481,0.5,,
755.0073480293921,0.5,,
756.0086840347362,0.5,,
757.0100200400802,0.5,,
758.0113560454242,0.5,,
759.0126920507682,0.5,,
760.0140280561122,0.5,,
761.0153640614564,0.5,,
762.0167000668004,0.5,,
763.0180360721444,0.5,,
764.0193720774884,0.5,,
765.0207080828324,0.5,,
766.0220440881764,0.5,,
767.0233800935205,0.5,,
768.0247160988645,0.5,,
769.0260521042085,0.5,,
770.0273881095525,0.5,,
771.0287241148965,0.5,,
772.0300601202406,0.5,,
773.0313961255846,0.5,,
774.0327321309286,0.5,,
775.0340681362726,0.5,,
776.0354041416166,0.5,,
777.0367401469606,0.5,,
778.0380761523047,0.5,,
779.0394121576487,0.5,,
780.0407481629927,0.5,,
781.0420841683367,0.5,,
782.0434201736807,0.5,,
783.0447561790248,0.5,,
784.0460921843688,0.5,,
785.0474281897128,0.5,,
786.0487641950568,0.5,,
787.0501002004008,0.5,,
788.0514362057448,0.5,,
789.052772211089,0.5,,
790.054108216433,0.5,,
791.055444221777,0.5,,
792.056780227121,0.5,,
793.058116232465,0.5,,
794.059452237809,0.5,,
795.0607882431531,0.5,,
796.0621242484971,0.5,,
797.0634602538411,0.5,,
798.0647962591851,0.5,,
799.0661322645291,0.5,,
800.0674682698732,0.5,,
801.0688042752172,0.5,,
802.0701402805612,0.5,,
803.0714762859052,0.5,,
804.0728122912492,0.5,,
805.0741482965932,0.5,,
806.0754843019373,0.5,,
807.0768203072813,0.5,,
808.0781563126253,0.5,,
809.0794923179693,0.5,,
810.0808283233133,0.5,,
811.0821643286574,0.5,,
812.0835003340014,0.5,,
813.0848363393454,0.5,,
814.0861723446894,0.5,,
815.0875083500334,0.5,,
816.0888443553774,0.5,,
817.0901803607215,0.5,,
818.0915163660655,0.5,,
819.0928523714095,0.5,,
820.0941883767536,0.5,,
821.0955243820976,0.5,,
822.0968603874417,0.5,,
823.0981963927857,0.5,,
824.0995323981297,0.5,,
825.1008684034737,0.5,,
826.1022044088177,0.5,,
827.1035404141617,0.5,,
828.1048764195058,0.5,,
829.1062124248498,0.5,,
830.1075484301938,0.5,,
831.1088844355378,0.5,,
832.1102204408818,0.5,,
833.1115564462259,0.5,,
834.1128924515699,0.5,,
835.1142284569139,0.5,,
836.1155644622579,0.5,,
837.1169004676019,0.5,,
838.1182364729459,0.5,,
839.11957247829,0.5,,
840.120908483634,0.5,,
841.122244488978,0.5,,
842.123580494322,0.5,,
843.124916499666,0.5,,
844.12625250501,0.5,,
845.1275885103541,0.5,,
846.1289245156981,0.5,,
847.1302605210421,0.5,,
848.1315965263861,0.5,,
849.1329325317301,0.5,,
850.1342685370743,0.5,,
851.1356045424183,0.5,,
852.1369405477623,0.5,,
853.1382765531063,0.5,,
854.1396125584503,0.5,,
855.1409485637943,0.5,,
856.1422845691384,0.5,,
857.1436205744824,0.5,,
858.1449565798264,0.5,,
859.1462925851704,0.5,,
860.1476285905144,0.5,,
861.1489645958585,0.5,,
862.1503006012025,0.5,,
863.1516366065465,0.5,,
864.1529726118905,0.5,,
865.1543086172345,0.5,,
866.1556446225785,0.5,,
867.1569806279226,0.5,,
868.1583166332666,0.5,,
869.1596526386106,0.5,,
870.1609886439546,0.5,,
871.1623246492986,0.5,,
872.1636606546427,0.5,,
873.1649966599867,0.5,,
874.1663326653307,0.5,,
875.1676686706747,0.5,,
876.1690046760187,0.5,,
877.1703406813627,0.5,,
878.1716766867069,0.5,,
879.1730126920509,0.5,,
880.1743486973949,0.5,,
881.1756847027389,0.5,,
882.1770207080829,0.5,,
883.1783567134269,0.5,,
884.179692718771,0.5,,
885.181028724115,0.5,,
886.182364729459,0.5,,
887.183700734803,0.5,,
888.185036740147,0.5,,
889.1863727454911,0.5,,
890.1877087508351,0.5,,
891.1890447561791,0.5,,
892.1903807615231,0.5,,
893.1917167668671,0.5,,
894.1930527722111,0.5,,
895.1943887775552,0.5,,
896.1957247828992,0.5,,
897.1970607882432,0.5,,
898.1983967935872,0.5,,
899.1997327989312,0.5,,
900.2010688042753,0.5,,
901.2024048096193,0.5,,
902.2037408149633,0.5,,
903.2050768203073,0.5,,
904.2064128256513,0.5,,
905.2077488309953,0.5,,
906.2090848363395,0.5,,
907.2104208416835,0.5,,
908.2117568470275,0.5,,
909.2130928523715,0.5,,
910.2144288577155,0.5,,
911.2157648630596,0.5,,
912.2171008684036,0.5,,
913.2184368737476,0.5,,
914.2197728790916,0.5,,
915.2211088844356,0.5,,
916.2224448897796,0.5,,
917.2237808951237,0.5,,
918.2251169004677,0.5,,
919.2264529058117,0.5,,
920.2277889111557,0.5,,
921.2291249164997,0.5,,
922.2304609218437,0.5,,
923.2317969271878,0.5,,
924.2331329325318,0.5,,
925.2344689378758,0.5,,
926.2358049432198,0.5,,
927.2371409485638,0.5,,
928.2384769539079,0.5,,
929.2398129592519,0.5,,
930.2411489645959,0.5,,
931.2424849699399,0.5,,
932.2438209752839,0.5,,
933.2451569806279,0.5,,
934.246492985972,0.5,,
935.247828991316,0.5,,
936.24916499666,0.5,,
937.2505010020041,0.5,,
938.2518370073481,0.5,,
939.2531730126922,0.5,,
940.2545090180362,0.5,,
941.2558450233802,0.5,,
942.2571810287242,0.5,,
943.2585170340682,0.5,,
944.2598530394122,0.5,,
945.2611890447563,0.5,,
946.2625250501003,0.5,,
947.2638610554443,0.5,,
948.2651970607883,0.5,,
949.2665330661323,0.5,,
950.2678690714764,0.5,,
951.2692050768204,0.5,,
952.2705410821644,0.5,,
953.2718770875084,0.5,,
954.2732130928524,0.5,,
955.2745490981964,0.5,,
956.2758851035405,0.5,,
957.2772211088845,0.5,,
958.2785571142285,0.5,,
959.2798931195725,0.5,,
960.2812291249165,0.5,,
961.2825651302605,0.5,,
962.2839011356047,0.5,,
963.2852371409487,0.5,,
964.2865731462927,0.5,,
965.2879091516367,0.5,,
966.2892451569807,0.5,,
967.2905811623248,0.5,,
968.2919171676688,0.5,,
969.2932531730128,0.5,,
970.2945891783568,0.5,,
971.2959251837008,0.5,,
972.2972611890448,0.5,,
973.2985971943889,0.5,,
974.2999331997329,0.5,,
975.3012692050769,0.5,,
976.3026052104209,0.5,,
977.3039412157649,0.5,,
978.305277221109,0.5,,
979.306613226453,0.5,,
980.307949231797,0.5,,
981.309285237141,0.5,,
982.310621242485,0.5,,
983.311957247829,0.5,,
984.3132932531731,0.5,,
985.3146292585171,0.5,,
986.3159652638611,0.5,,
987.3173012692051,0.5,,
988.3186372745491,0.5,,
989.3199732798932,0.5,,
990.3213092852372,0.5,,
991.3226452905812,0.5,,
992.3239812959253,0.5,,
993.3253173012693,0.5,,
994.3266533066133,0.5,,
995.3279893119574,0.5,,
996.3293253173014,0.5,,
997.3306613226454,0.5,,
998.3319973279894,0.5,,
999.3333333333334,0.5,,
1000.3346693386775,0.5,,
1001.3360053440215,0.5,,
1002.3373413493655,0.5,,
1003.3386773547095,0.5,,
1004.3400133600535,0.5,,
1005.3413493653975,0.5,,
1006.3426853707416,0.5,,
1007.3440213760856,0.5,,
1008.3453573814296,0.5,,
1009.3466933867736,0.5,,
1010.3480293921176,0.5,,
1011.3493653974616,0.5,,
1012.3507014028057,0.5,,
1013.3520374081497,0.5,,
1014.3533734134937,0.5,,
1015.3547094188377,0.5,,
1016.3560454241817,0.5,,
1017.3573814295258,0.5,,
1018.3587174348698,0.5,,
1019.3600534402138,0.5,,
1020.3613894455578,0.5,,
1021.3627254509018,0.5,,
1022.3640614562458,0.5,,
1023.36539746159,0.5,,
1024.366733466934,0.5,,
1025.368069472278,0.5,,
1026.369405477622,0.5,,
1027.370741482966,0.5,,
1028.37207748831,0.5,,
1029.373413493654,0.5,,
1030.374749498998,0.5,,
1031.3760855043422,0.5,,
1032.3774215096862,0.5,,
1033.3787575150302,0.5,,
1034.3800935203742,0.5,,
1035.3814295257182,0.5,,
1036.3827655310622,0.5,,
1037.3841015364062,0.5,,
1038.3854375417502,0.5,,
1039.3867735470942,0.5,,
1040.3881095524382,0.5,,
1041.3894455577822,0.5,,
1042.3907815631264,0.5,,
1043.3921175684704,0.5,,
1044.3934535738144,0.5,,
1045.3947895791584,0.5,,
1046.3961255845024,0.5,,
1047.3974615898464,0.5,,
1048.3987975951904,0.5,,
1049.4001336005344,0.5,,
1050.4014696058784,0.5,,
1051.4028056112224,0.5,,
1052.4041416165664,0.5,,
1053.4054776219107,0.5,,
1054.4068136272547,0.5,,
1055.4081496325987,0.5,,
1056.4094856379427,0.5,,
1057.4108216432867,0.5,,
1058.4121576486307,0.5,,
1059.4134936539747,0.5,,
1060.4148296593187,0.5,,
1061.4161656646627,0.5,,
1062.4175016700067,0.5,,
1063.4188376753507,0.5,,
1064.420173680695,0.5,,
1065.421509686039,0.5,,
1066.422845691383,0.5,,
1067.424181696727,0.5,,
1068.425517702071,0.5,,
1069.426853707415,0.5,,
1070.428189712759,0.5,,
1071.429525718103,0.5,,
1072.430861723447,0.5,,
1073.432197728791,0.5,,
1074.433533734135,0.5,,
1075.434869739479,0.5,,
1076.4362057448232,0.5,,
1077.4375417501672,0.5,,
1078.4388777555112,0.5,,
1079.4402137608552,0.5,,
1080.4415497661992,0.5,,
1081.4428857715432,0.5,,
1082.4442217768872,0.5,,
1083.4455577822312,0.5,,
1084.4468937875752,0.5,,
1085.4482297929192,0.5,,
1086.4495657982632,0.5,,
1087.4509018036074,0.5,,
1088.4522378089514,0.5,,
1089.4535738142954,0.5,,
1090.4549098196394,0.5,,
1091.4562458249834,0.5,,
1092.4575818303274,0.5,,
1093.4589178356714,0.5,,
1094.4602538410154,0.5,,
1095.4615898463594,0.5,,
1096.4629258517034,0.5,,
1097.4642618570474,0.5,,
1098.4655978623916,0.5,,
1099.4669338677356,0.5,,
1100.4682698730796,0.5,,
1101.4696058784236,0.5,,
1102.4709418837676,0.5,,
1103.4722778891116,0.5,,
1104.4736138944556,0.5,,
1105.4749498997996,0.5,,
1106.4762859051436,0.5,,
1107.4776219104876,0.5,,
1108.4789579158316,0.5,,
1109.4802939211759,0.5,,
1110.4816299265199,0.5,,
1111.4829659318639,0.5,,
1112.4843019372079,0.5,,
1113.4856379425519,0.5,,
1114.4869739478959,0.5,,
1115.4883099532399,0.5,,
1116.4896459585839,0.5,,
1117.4909819639279,0.5,,
1118.4923179692719,0.5,,
1119.4936539746159,0.5,,
1120.49498997996,0.5,,
1121.496325985304,0.5,,
1122.497661990648,0.5,,
1123.498997995992,0.5,,
1124.5003340013361,0.5,,
1125.5016700066801,0.5,,
1126.5030060120241,0.5,,
1127.5043420173681,0.5,,
1128.5056780227121,0.5,,
1129.5070140280561,0.5,,
1130.5083500334001,0.5,,
1131.5096860387443,0.5,,
1132.5110220440883,0.5,,
1133.5123580494324,0.5,,
1134.5136940547764,0.5,,
1135.5150300601204,0.5,,
1136.5163660654644,0.5,,
1137.5177020708084,0.5,,
1138.5190380761524,0.5,,
1139.5203740814964,0.5,,
1140.5217100868404,0.5,,
1141.5230460921844,0.5,,
1142.5243820975286,0.5,,
1143.5257181028726,0.5,,
1144.5270541082166,0.5,,
1145.5283901135606,0.5,,
1146.5297261189046,0.5,,
1147.5310621242486,0.5,,
1148.5323981295926,0.5,,
1149.5337341349366,0.5,,
1150.5350701402806,0.5,,
1151.5364061456246,0.5,,
1152.5377421509686,0.5,,
1153.5390781563128,0.5,,
1154.5404141616568,0.5,,
1155.5417501670008,0.5,,
1156.5430861723448,0.5,,
1157.5444221776888,0.5,,
1158.5457581830328,0.5,,
1159.5470941883768,0.5,,
1160.5484301937208,0.5,,
1161.5497661990648,0.5,,
1162.5511022044088,0.5,,
1163.5524382097528,0.5,,
1164.5537742150968,0.5,,
1165.555110220441,0.5,,
1166.556446225785,0.5,,
1167.557782231129,0.5,,
1168.559118236473,0.5,,
1169.560454241817,0.5,,
1170.561790247161,0.5,,
1171.563126252505,0.5,,
1172.564462257849,0.5,,
1173.565798263193,0.5,,
1174.567134268537,0.5,,
1175.568470273881,0.5,,
1176.5698062792253,0.5,,
1177.5711422845693,0.5,,
1178.5724782899133,0.5,,
1179.5738142952573,0.5,,
1180.5751503006013,0.5,,
1181.5764863059453,0.5,,
1182.5778223112893,0.5,,
1183.5791583166333,0.5,,
1184.5804943219773,0.5,,
1185.5818303273213,0.5,,
1186.5831663326653,0.5,,
1187.5845023380095,0.5,,
1188.5858383433535,0.5,,
1189.5871743486975,0.5,,
1190.5885103540415,0.5,,
1191.5898463593855,0.5,,
1192.5911823647295,0.5,,
1193.5925183700735,0.5,,
1194.5938543754175,0.5,,
1195.5951903807616,0.5,,
1196.5965263861056,0.5,,
1197.5978623914496,0.5,,
1198.5991983967938,0.5,,
1199.6005344021378,0.5,,
1200.6018704074818,0.5,,
1201.6032064128258,0.5,,
1202.6045424181698,0.5,,
1203.6058784235138,0.5,,
1204.6072144288578,0.5,,
1205.6085504342018,0.5,,
1206.6098864395458,0.5,,
1207.6112224448898,0.5,,
1208.6125584502338,0.5,,
1209.613894455578,0.5,,
1210.615230460922,0.5,,
1211.616566466266,0.5,,
1212.61790247161,0.5,,
1213.619238476954,0.5,,
1214.620574482298,0.5,,
1215.621910487642,0.5,,
1216.623246492986,0.5,,
1217.62458249833,0.5,,
1218.625918503674,0.5,,
1219.627254509018,0.5,,
1220.6285905143623,0.5,,
1221.6299265197063,0.5,,
1222.6312625250503,0.5,,
1223.6325985303943,0.5,,
1224.6339345357383,0.5,,
1225.6352705410823,0.5,,
1226.6366065464263,0.5,,
1227.6379425517703,0.5,,
1228.6392785571143,0.5,,
1229.6406145624583,0.5,,
1230.6419505678023,0.5,,
1231.6432865731465,0.5,,
1232.6446225784905,0.5,,
1233.6459585838345,0.5,,
1234.6472945891785,0.5,,
1235.6486305945225,0.5,,
1236.6499665998665,0.5,,
1237.6513026052105,0.5,,
1238.6526386105545,0.5,,
1239.6539746158985,0.5,,
1240.6553106212425,0.5,,
1241.6566466265865,0.5,,
1242.6579826319305,0.5,,
1243.6593186372747,0.5,,
1244.6606546426187,0.5,,
1245.6619906479627,0.5,,
1246.6633266533067,0.5,,
1247.6646626586507,0.5,,
1248.6659986639947,0.5,,
1249.6673346693387,0.5,,
1250.6686706746827,0.5,,
1251.6700066800267,0.5,,
1252.6713426853707,0.5,,
1253.6726786907147,0.5,,
1254.674014696059,0.5,,
1255.675350701403,0.5,,
1256.676686706747,0.5,,
1257.678022712091,0.5,,
1258.679358717435,0.5,,
1259.680694722779,0.5,,
1260.682030728123,0.5,,
1261.683366733467,0.5,,
1262.684702738811,0.5,,
1263.686038744155,0.5,,
1264.687374749499,0.5,,
1265.6887107548432,0.5,,
1266.6900467601872,0.5,,
1267.6913827655312,0.5,,
1268.6927187708752,0.5,,
1269.6940547762192,0.5,,
1270.6953907815632,0.5,,
1271.6967267869072,0.5,,
1272.6980627922512,0.5,,
1273.6993987975952,0.5,,
1274.7007348029392,0.5,,
1275.7020708082832,0.5,,
1276.7034068136275,0.5,,
1277.7047428189715,0.5,,
1278.7060788243155,0.5,,
1279.7074148296595,0.5,,
1280.7087508350035,0.5,,
1281.7100868403475,0.5,,
1282.7114228456915,0.5,,
1283.7127588510355,0.5,,
1284.7140948563795,0.5,,
1285.7154308617235,0.5,,
1286.7167668670675,0.5,,
1287.7181028724117,0.5,,
1288.7194388777557,0.5,,
1289.7207748830997,0.5,,
1290.7221108884437,0.5,,
1291.7234468937877,0.5,,
1292.7247828991317,0.5,,
1293.7261189044757,0.5,,
1294.7274549098197,0.5,,
1295.7287909151637,0.5,,
1296.7301269205077,0.5,,
1297.7314629258517,0.5,,
1298.732798931196,0.5,,
1299.73413493654,0.5,,
1300.735470941884,0.5,,
1301.736806947228,0.5,,
1302.738142952572,0.5,,
1303.739478957916,0.5,,
1304.74081496326,0.5,,
1305.742150968604,0.5,,
1306.743486973948,0.5,,
1307.744822979292,0.5,,
1308.746158984636,0.5,,
1309.7474949899802,0.5,,
1310.7488309953242,0.5,,
1311.7501670006682,0.5,,
1312.7515030060122,0.5,,
1313.7528390113562,0.5,,
1314.7541750167002,0.5,,
1315.7555110220442,0.5,,
1316.7568470273882,0.5,,
1317.7581830327322,0.5,,
1318.7595190380762,0.5,,
1319.7608550434202,0.5,,
1320.7621910487644,0.5,,
1321.7635270541084,0.5,,
1322.7648630594524,0.5,,
1323.7661990647964,0.5,,
1324.7675350701404,0.5,,
1325.7688710754844,0.5,,
1326.7702070808284,0.5,,
1327.7715430861724,0.5,,
1328.7728790915164,0.5,,
1329.7742150968604,0.5,,
1330.7755511022044,0.5,,
1331.7768871075484,0.5,,
1332.7782231128926,0.5,,
1333.7795591182366,0.5,,
1334.7808951235806,0.5,,
1335.7822311289246,0.5,,
1336.7835671342687,0.5,,
1337.7849031396127,0.5,,
1338.7862391449567,0.5,,
1339.7875751503007,0.5,,
1340.7889111556447,0.5,,
1341.7902471609887,0.5,,
1342.7915831663327,0.5,,
1343.7929191716769,0.5,,
1344.794255177021,0.5,,
1345.795591182365,0.5,,
1346.796927187709,0.5,,
1347.798263193053,0.5,,
1348.799599198397,0.5,,
1349.800935203741,0.5,,
1350.802271209085,0.5,,
1351.803607214429,0.5,,
1352.804943219773,0.5,,
1353.806279225117,0.5,,
1354.8076152304611,0.5,,
1355.8089512358051,0.5,,
1356.8102872411491,0.5,,
1357.8116232464931,0.5,,
1358.8129592518371,0.5,,
1359.8142952571811,0.5,,
1360.8156312625251,0.5,,
1361.8169672678691,0.5,,
1362.8183032732131,0.5,,
1363.8196392785571,0.5,,
1364.8209752839011,0.5,,
1365.8223112892454,0.5,,
1366.8236472945894,0.5,,
1367.8249832999334,0.5,,
1368.8263193052774,0.5,,
1369.8276553106214,0.5,,
1370.8289913159654,0.5,,
1371.8303273213094,0.5,,
1372.8316633266534,0.5,,
1373.8329993319974,0.5,,
1374.8343353373414,0.5,,
1375.8356713426854,0.5,,
1376.8370073480296,0.5,,
1377.8383433533736,0.5,,
1378.8396793587176,0.5,,
1379.8410153640616,0.5,,
1380.8423513694056,0.5,,
1381.8436873747496,0.5,,
1382.8450233800936,0.5,,
1383.8463593854376,0.5,,
1384.8476953907816,0.5,,
1385.8490313961256,0.5,,
1386.8503674014696,0.5,,
1387.8517034068138,0.5,,
1388.8530394121578,0.5,,
1389.8543754175018,0.5,,
1390.8557114228458,0.5,,
1391.8570474281898,0.5,,
1392.8583834335338,0.5,,
1393.8597194388778,0.5,,
1394.8610554442218,0.5,,
1395.8623914495658,0.5,,
1396.8637274549098,0.5,,
1397.8650634602539,0.5,,
1398.866399465598,0.5,,
1399.867735470942,0.5,,
1400.869071476286,0.5,,
1401.87040748163,0.5,,
1402.871743486974,0.5,,
1403.873079492318,0.5,,
1404.874415497662,0.5,,
1405.875751503006,0.5,,
1406.87708750835,0.5,,
1407.878423513694,0.5,,
1408.879759519038,0.5,,
1409.881095524382,0.5,,
1410.8824315297263,0.5,,
1411.8837675350703,0.5,,
1412.8851035404143,0.5,,
1413.8864395457583,0.5,,
1414.8877755511023,0.5,,
1415.8891115564463,0.5,,
1416.8904475617903,0.5,,
1417.8917835671343,0.5,,
1418.8931195724783,0.5,,
1419.8944555778223,0.5,,
1420.8957915831663,0.5,,
1421.8971275885106,0.5,,
1422.8984635938546,0.5,,
1423.8997995991986,0.5,,
1424.9011356045426,0.5,,
1425.9024716098866,0.5,,
1426.9038076152306,0.5,,
1427.9051436205746,0.5,,
1428.9064796259186,0.5,,
1429.9078156312626,0.5,,
1430.9091516366066,0.5,,
1431.9104876419506,0.5,,
1432.9118236472948,0.5,,
1433.9131596526388,0.5,,
1434.9144956579828,0.5,,
1435.9158316633268,0.5,,
1436.9171676686708,0.5,,
1437.9185036740148,0.5,,
1438.9198396793588,0.5,,
1439.9211756847028,0.5,,
1440.9225116900468,0.5,,
1441.9238476953908,0.5,,
1442.9251837007348,0.5,,
1443.926519706079,0.5,,
1444.927855711423,0.5,,
1445.929191716767,0.5,,
1446.930527722111,0.5,,
1447.931863727455,0.5,,
1448.933199732799,0.5,,
1449.934535738143,0.5,,
1450.935871743487,0.5,,
1451.937207748831,0.5,,
1452.938543754175,0.5,,
1453.939879759519,0.5,,
1454.9412157648633,0.5,,
1455.9425517702073,0.5,,
1456.9438877755513,0.5,,
1457.9452237808953,0.5,,
1458.9465597862393,0.5,,
1459.9478957915833,0.5,,
1460.9492317969273,0.5,,
1461.9505678022713,0.5,,
1462.9519038076153,0.5,,
1463.9532398129593,0.5,,
1464.9545758183033,0.5,,
1465.9559118236475,0.5,,
1466.9572478289915,0.5,,
1467.9585838343355,0.5,,
1468.9599198396795,0.5,,
1469.9612558450235,0.5,,
1470.9625918503675,0.5,,
1471.9639278557115,0.5,,
1472.9652638610555,0.5,,
1473.9665998663995,0.5,,
1474.9679358717435,0.5,,
1475.9692718770875,0.5,,
1476.9706078824318,0.5,,
1477.9719438877758,0.5,,
1478.9732798931198,0.5,,
1479.9746158984638,0.5,,
1480.9759519038078,0.5,,
1481.9772879091518,0.5,,
1482.9786239144958,0.5,,
1483.9799599198398,0.5,,
1484.9812959251838,0.5,,
1485.9826319305278,0.5,,
1486.9839679358718,0.5,,
1487.985303941216,0.5,,
1488.98663994656,0.5,,
1489.987975951904,0.5,,
1490.989311957248,0.5,,
1491.990647962592,0.5,,
1492.991983967936,0.5,,
1493.99331997328,0.5,,
1494.994655978624,0.5,,
1495.995991983968,0.5,,
1496.997327989312,0.5,,
1497.998663994656,0.5,,
1499.0,0.5,,
1500.0,0.5,0.9645240603126558,3.472286617125561
1510.0,0.5,0.9709542207147404,3.4954351945730653
1520.0,0.5,0.9773843811168247,3.5185837720205693
1530.0,0.5,0.9838145415189091,3.541732349468073
1540.0,0.5,0.9902447019209935,3.5648809269155763
1550.0,0.5,0.9966748623230776,3.588029504363079
1560.0,0.5,1.003105022725162,3.6111780818105834
1570.0,0.5,1.0095351831272468,3.6343266592580887
1580.0,0.5,1.015965343529331,3.657475236705592
1590.0,0.5,1.0223955039314152,3.680623814153095
1600.0,0.5,1.0288256643334996,3.703772391600599
1610.0,0.5,1.0352558247355839,3.726920969048102
1620.0,0.5,1.0416859851376685,3.7500695464956064
1630.0,0.5,1.048116145539753,3.773218123943111
1640.0,0.5,1.054546305941837,3.796366701390613
1650.0,0.5,1.0609764663439214,3.819515278838117
1660.0,0.5,1.067406626746006,3.842663856285622
1670.0,0.5,1.0738367871480903,3.865812433733125
1680.0,0.5,1.0802669475501747,3.888961011180629
1690.0,0.5,1.086697107952259,3.9121095886281325
1700.0,0.5,1.0931272683543432,3.9352581660756356
1710.0,0.5,1.0995574287564278,3.95840674352314
1720.0,0.5,1.105987589158512,3.981555320970643
1730.0,0.5,1.1124177495605965,4.004703898418147
1740.0,0.5,1.118847909962681,4.027852475865651
1750.0,0.5,1.1252780703647651,4.051001053313154
1760.0,0.5,1.1317082307668496,4.074149630760658
1770.0,0.5,1.138138391168934,4.097298208208162
1780.0,0.5,1.1445685515710184,4.120446785655667
1790.0,0.5,1.1509987119731027,4.14359536310317
1800.0,0.5,1.157428872375187,4.166743940550674
1810.0,0.5,1.1638590327772715,4.189892517998178
1820.0,0.5,1.1702891931793558,4.213041095445681
1830.0,0.5,1.1767193535814402,4.236189672893185
1840.0,0.5,1.1831495139835246,4.259338250340688
1850.0,0.5,1.189579674385609,4.282486827788192
1860.0,0.5,1.1960098347876933,4.305635405235695
1870.0,0.5,1.2024399951897777,4.328783982683199
1880.0,0.5,1.2088701555918622,4.351932560130703
1890.0,0.5,1.2153003159939464,4.375081137578207
1900.0,0.5,1.221730476396031,4.398229715025712
1910.0,0.5,1.2281606367981153,4.421378292473215
1920.0,0.5,1.2345907972001995,4.444526869920718
1930.0,0.5,1.241020957602284,4.467675447368222
1940.0,0.5,1.2474511180043684,4.490824024815726
1950.0,0.5,1.2538812784064528,4.51397260226323
1960.0,0.5,1.260311438808537,4.537121179710733
1970.0,0.5,1.2667415992106215,4.560269757158237
1980.0,0.5,1.2731717596127057,4.58341833460574
1990.0,0.5,1.2796019200147903,4.606566912053244
2000.0,0.5,1.2860320804168748,4.629715489500748
2010.0,0.5,1.292462240818959,4.652864066948252
2020.0,0.5,1.2988924012210432,4.6760126443957555
2030.0,0.5,1.3053225616231277,4.6991612218432595
2040.0,0.5,1.311752722025212,4.722309799290763
2050.0,0.5,1.3181828824272963,4.7454583767382665
2060.0,0.5,1.324613042829381,4.768606954185771
2070.0,0.5,1.3310432032314652,4.7917555316332745
2080.0,0.5,1.3374733636335492,4.814904109080777
2090.0,0.5,1.3439035240356338,4.838052686528282
2100.0,0.5,1.3503336844377183,4.861201263975786
2110.0,0.5,1.3567638448398025,4.884349841423289
2120.0,0.5,1.3631940052418872,4.907498418870794
2130.0,0.5,1.3696241656439714,4.9306469963182975
2140.0,0.5,1.3760543260460556,4.953795573765801
2150.0,0.5,1.3824844864481403,4.9769441512133055
2160.0,0.5,1.3889146468502245,5.000092728660809
2170.0,0.5,1.3953448072523087,5.023241306108312
2180.0,0.5,1.4017749676543934,5.046389883555816
2190.0,0.5,1.4082051280564776,5.069538461003319
2200.0,0.5,1.414635288458562,5.092687038450823
2210.0,0.5,1.4210654488606465,5.115835615898327
2220.0,0.5,1.4274956092627307,5.13898419334583
2230.0,0.5,1.433925769664815,5.162132770793334
2240.0,0.5,1.4403559300668995,5.185281348240839
2250.0,0.5,1.4467860904689838,5.208429925688342
2260.0,0.5,1.4532162508710682,5.231578503135846
2270.0,0.5,1.4596464112731526,5.25472708058335
2280.0,0.5,1.466076571675237,5.277875658030854
2290.0,0.5,1.4725067320773213,5.301024235478357
2300.0,0.5,1.4789368924794057,5.324172812925861
2310.0,0.5,1.4853670528814902,5.347321390373365
2320.0,0.5,1.4917972132835744,5.370469967820868
2330.0,0.5,1.4982273736856588,5.393618545268372
2340.0,0.5,1.504657534087743,5.416767122715875
2350.0,0.5,1.5110876944898275,5.43991570016338
2360.0,0.5,1.5175178548919122,5.463064277610884
2370.0,0.5,1.5239480152939966,5.486212855058388
2380.0,0.5,1.5303781756960806,5.50936143250589
2390.0,0.5,1.5368083360981653,5.532510009953395
2400.0,0.5,1.5432384965002495,5.555658587400898
2410.0,0.5,1.5496686569023337,5.578807164848401
2420.0,0.5,1.5560988173044183,5.601955742295906
2430.0,0.5,1.5625289777065026,5.625104319743409
2440.0,0.5,1.5689591381085866,5.648252897190911
2450.0,0.5,1.5753892985106712,5.671401474638416
2460.0,0.5,1.5818194589127557,5.694550052085921
2470.0,0.5,1.58824961931484,5.717698629533425
2480.0,0.5,1.5946797797169248,5.74084720698093
2490.0,0.5,1.6011099401190088,5.763995784428432
2500.0,0.5,1.607540100521093,5.787144361875935
2510.0,0.5,1.6139702609231776,5.81029293932344
2520.0,0.5,1.6204004213252619,5.833441516770943
2530.0,0.5,1.626830581727346,5.856590094218446
2540.0,0.5,1.6332607421294307,5.87973867166595
2550.0,0.5,1.6396909025315152,5.902887249113454
2560.0,0.5,1.6461210629335994,5.926035826560957
2570.0,0.5,1.6525512233356838,5.949184404008461
2580.0,0.5,1.6589813837377683,5.972332981455966
2590.0,0.5,1.6654115441398525,5.995481558903469
2600.0,0.5,1.671841704541937,6.018630136350973
2610.0,0.5,1.6782718649440211,6.041778713798476
2620.0,0.5,1.6847020253461056,6.06492729124598
2630.0,0.5,1.69113218574819,6.088075868693484
2640.0,0.5,1.6975623461502747,6.111224446140989
2650.0,0.5,1.703992506552359,6.134373023588492
2660.0,0.5,1.7104226669544433,6.157521601035996
2670.0,0.5,1.7168528273565276,6.180670178483499
2680.0,0.5,1.7232829877586118,6.203818755931002
2690.0,0.5,1.7297131481606964,6.226967333378507
2700.0,0.5,1.7361433085627807,6.25011591082601
2710.0,0.5,1.7425734689648649,6.273264488273514
2720.0,0.5,1.7490036293669493,6.296413065721017
2730.0,0.5,1.7554337897690337,6.319561643168521
2740.0,0.5,1.7618639501711182,6.342710220616025
2750.0,0.5,1.7682941105732028,6.36585879806353
2760.0,0.5,1.7747242709752868,6.389007375511032
2770.0,0.5,1.781154431377371,6.4121559529585355
2780.0,0.5,1.7875845917794557,6.43530453040604
2790.0,0.5,1.79401475218154,6.458453107853543
2800.0,0.5,1.8004449125836244,6.481601685301047
2810.0,0.5,1.806875072985709,6.504750262748553
2820.0,0.5,1.813305233387793,6.527898840196055
2830.0,0.5,1.8197353937898777,6.55104741764356
2840.0,0.5,1.8261655541919621,6.574195995091064
2850.0,0.5,1.8325957145940464,6.597344572538567
2860.0,0.5,1.8390258749961306,6.62049314998607
2870.0,0.5,1.845456035398215,6.643641727433574
2880.0,0.5,1.8518861958002992,6.6667903048810775
2890.0,0.5,1.8583163562023834,6.689938882328581
2900.0,0.5,1.864746516604468,6.713087459776085
2910.0,0.5,1.8711766770065525,6.7362360372235885
2920.0,0.5,1.8776068374086368,6.7593846146710925
2930.0,0.5,1.8840369978107212,6.7825331921185965
2940.0,0.5,1.8904671582128059,6.805681769566101
2950.0,0.5,1.89689731861489,6.8288303470136045
2960.0,0.5,1.9033274790169745,6.8519789244611085
2970.0,0.5,1.9097576394190587,6.8751275019086115
2980.0,0.5,1.916187799821143,6.898276079356115
2990.0,0.5,1.9226179602232274,6.921424656803619
3000.0,0.5,1.9290481206253116,6.944573234251122
3010.0,0.5,1.935478281027396,6.967721811698626
3020.0,0.5,1.9419084414294807,6.990870389146131
3030.0,0.5,1.9483386018315654,7.014018966593635
3040.0,0.5,1.9547687622336494,7.0371675440411385
3050.0,0.5,1.961198922635734,7.0603161214886425
3060.0,0.5,1.9676290830378182,7.083464698936146
3070.0,0.5,1.9740592434399022,7.106613276383648
3080.0,0.5,1.980489403841987,7.129761853831153
3090.0,0.5,1.9869195642440711,7.152910431278656
3100.0,0.5,1.9933497246461551,7.176059008726158
3110.0,0.5,1.9997798850482398,7.199207586173663
3120.0,0.5,2.006210045450324,7.222356163621167
3130.0,0.5,2.0126402058524087,7.245504741068671
3140.0,0.5,2.0190703662544935,7.2686533185161775
3150.0,0.5,2.0255005266565775,7.29180189596368
3160.0,0.5,2.031930687058662,7.314950473411184
3170.0,0.5,2.0383608474607464,7.338099050858688
3180.0,0.5,2.0447910078628304,7.36124762830619
3190.0,0.5,2.051221168264915,7.384396205753694
3200.0,0.5,2.0576513286669993,7.407544783201198
3210.0,0.5,2.0640814890690833,7.4306933606487
3220.0,0.5,2.0705116494711677,7.453841938096204
3230.0,0.5,2.0769418098732526,7.476990515543709
3240.0,0.5,2.083371970275337,7.500139092991213
3250.0,0.5,2.089802130677421,7.523287670438715
3260.0,0.5,2.096232291079506,7.546436247886222
3270.0,0.5,2.10266245148159,7.569584825333724
3280.0,0.5,2.109092611883674,7.592733402781226
3290.0,0.5,2.115522772285759,7.615881980228732
3300.0,0.5,2.121952932687843,7.639030557676234
3310.0,0.5,2.1283830930899272,7.662179135123738
3320.0,0.5,2.134813253492012,7.685327712571244
3330.0,0.5,2.141243413894096,7.708476290018746
3340.0,0.5,2.1476735742961806,7.73162486746625
3350.0,0.5,2.154103734698265,7.754773444913754
3360.0,0.5,2.1605338951003494,7.777922022361258
3370.0,0.5,2.1669640555024334,7.80107059980876
3380.0,0.5,2.173394215904518,7.824219177256265
3390.0,0.5,2.1798243763066023,7.847367754703769
3400.0,0.5,2.1862545367086863,7.870516332151271
3410.0,0.55,2.411953166821848,8.683031400558653
3420.0,0.6,2.6389378290154264,9.500176184455535
3430.0,0.65,2.8672085232894218,10.321950683841917
3440.0,0.7,3.0967652496438336,11.1483548987178
3450.0,0.75,3.327608008078663,11.979388829083188
3460.0,0.8,3.5597367985939092,12.815052474938073
3470.0,0.85,3.7931516211895717,13.655345836282459
3480.0,0.9,4.027852475865651,14.500268913116344
3490.0,0.95,4.263839362622147,15.34982170543973
3500.0,1.0,4.5011122814590605,16.204004213252617
3510.0,1.05,4.739671232376391,17.062816436555007
3520.0,1.1,4.979516215374138,17.926258375346897
3530.0,1.15,5.220647230452302,18.794330029628288
3540.0,1.2,5.463064277610883,19.66703139939918
3550.0,1.25,5.7067673568498805,20.54436248465957
3560.0,1.3,5.951756468169296,21.426323285409463
3570.0,1.35,6.198031611569127,22.312913801648858
3580.0,1.4,6.4455927870493746,23.20413403337775
3590.0,1.45,6.694439994610041,24.099983980596146
3600.0,1.5,6.9445732342511235,25.000463643304045
3610.0,1.55,7.1959925059726215,25.905573021501436
3620.0,1.6,7.448697809774538,26.815312115188338
3630.0,1.65,7.702689145656869,27.72968092436473
3640.0,1.7,7.95796651361962,28.64867944903063
3650.0,1.75,8.214529913662785,29.572307689186026
3660.0,1.8,8.47237934578637,30.500565644830935
3670.0,1.85,8.731514809990369,31.43345331596533
3680.0,1.9,8.991936306274786,32.370970702589226
3690.0,1.95,9.25364383463962,33.313117804702635
3700.0,2.0,9.516637395084873,34.25989462230554
3710.0,2.0,9.54235803669321,34.352488932095554
3720.0,2.0,9.568078678301546,34.44508324188556
3730.0,2.0,9.593799319909884,34.53767755167558
3740.0,2.0,9.619519961518222,34.630271861465594
3750.0,2.0,9.645240603126558,34.7228661712556
3760.0,2.0,9.670961244734897,34.815460481045626
3770.0,2.0,9.696681886343235,34.90805479083564
3780.0,2.0,9.722402527951571,35.00064910062566
3790.0,2.0,9.748123169559909,35.093243410415674
3800.0,2.0,9.773843811168248,35.1858377202057
3810.0,2.0,9.799564452776584,35.278432029995706
3820.0,2.0,9.825285094384922,35.37102633978572
3830.0,2.0,9.85100573599326,35.46362064957574
3840.0,2.0,9.876726377601596,35.55621495936575
3850.0,2.0,9.902447019209934,35.64880926915576
3860.0,2.0,9.928167660818271,35.74140357894578
3870.0,2.0,9.95388830242661,35.833997888735794
3880.0,2.0,9.979608944034947,35.92659219852581
3890.0,2.0,10.005329585643285,36.019186508315826
3900.0,2.0,10.031050227251622,36.11178081810584
3910.0,2.0,10.05677086885996,36.20437512789586
3920.0,2.0,10.082491510468296,36.29696943768587
3930.0,2.0,10.108212152076634,36.38956374747588
3940.0,2.0,10.133932793684972,36.4821580572659
3950.0,2.0,10.159653435293308,36.57475236705591
3960.0,2.0,10.185374076901645,36.66734667684592
3970.0,2.0,10.211094718509983,36.75994098663594
3980.0,2.0,10.236815360118323,36.852535296425955
3990.0,2.0,10.26253600172666,36.94512960621597
4000.0,2.0,10.288256643334998,37.03772391600599
4010.0,2.0,10.313977284943334,37.130318225796
4020.0,2.0,10.339697926551672,37.22291253558602
4030.0,2.0,10.36541856816001,37.315506845376035
4040.0,2.0,10.391139209768346,37.408101155166044
4050.0,2.0,10.416859851376683,37.50069546495606
4060.0,2.0,10.442580492985021,37.593289774746076
4070.0,2.0,10.468301134593357,37.685884084536085
4080.0,2.0,10.494021776201697,37.77847839432611
4090.0,2.0,10.519742417810034,37.87107270411612
4100.0,2.0,10.54546305941837,37.96366701390613
4110.0,2.0,10.57118370102671,38.056261323696155
4120.0,2.0,10.596904342635048,38.14885563348617
4130.0,2.0,10.622624984243382,38.24144994327617
4140.0,2.0,10.648345625851722,38.334044253066196
4150.0,2.0,10.67406626746006,38.42663856285621
4160.0,2.0,10.699786909068393,38.519232872646214
4170.0,2.0,10.725507550676733,38.61182718243624
4180.0,2.0,10.75122819228507,38.70442149222625
4190.0,2.0,10.776948833893409,38.79701580201627
4200.0,2.0,10.802669475501746,38.889610111806284
4210.0,2.0,10.828390117110086,38.98220442159631
4220.0,2.0,10.85411075871842,39.07479873138631
4230.0,2.0,10.87983140032676,39.16739304117634
4240.0,2.0,10.905552041935097,39.259987350966355
4250.0,2.0,10.931272683543432,39.35258166075636
4260.0,2.0,10.956993325151771,39.44517597054638
4270.0,2.0,10.982713966760109,39.537770280336396
4280.0,2.0,11.008434608368445,39.630364590126405
4290.0,2.0,11.034155249976783,39.72295889991642
4300.0,2.0,11.059875891585122,39.815553209706444
4310.0,2.0,11.085596533193458,39.90814751949645
4320.0,2.0,11.111317174801796,40.00074182928647
4330.0,2.0,11.137037816410135,40.093336139076484
4340.0,2.0,11.16275845801847,40.18593044886649
4350.0,2.0,11.188479099626807,40.27852475865651
4360.0,2.0,11.214199741235147,40.371119068446525
4370.0,2.0,11.239920382843483,40.46371337823654
4380.0,2.0,11.26564102445182,40.55630768802655
4390.0,2.0,11.29136166606016,40.64890199781657
4400.0,2.0,11.317082307668496,40.74149630760658
4410.0,2.0,11.342802949276834,40.8340906173966
4420.0,2.0,11.368523590885172,40.92668492718661
4430.0,2.0,11.394244232493508,41.01927923697662
4440.0,2.0,11.419964874101845,41.11187354676664
4450.0,2.0,11.445685515710183,41.204467856556654
4460.0,2.0,11.47140615731852,41.29706216634667
4470.0,2.0,11.497126798926859,41.38965647613669
4480.0,2.0,11.522847440535196,41.48225078592671
4490.0,2.0,11.548568082143532,41.57484509571672
4500.0,2.0,11.57428872375187,41.667439405506734
4510.0,2.0,11.600009365360208,41.76003371529675
4520.0,2.0,11.625730006968546,41.852628025086766
4530.0,2.0,11.651450648576883,41.94522233487678
4540.0,2.0,11.677171290185221,42.0378166446668
4550.0,2.0,11.702891931793559,42.13041095445681
4560.0,2.0,11.728612573401897,42.22300526424683
4570.0,2.0,11.754333215010234,42.315599574036845
4580.0,2.0,11.78005385661857,42.408193883826854
4590.0,2.0,11.805774498226908,42.50078819361687
4600.0,2.0,11.831495139835246,42.593382503406886
4610.0,2.0,11.857215781443584,42.6859768131969
4620.0,2.0,11.882936423051921,42.77857112298692
4630.0,2.0,11.90865706466026,42.871165432776934
4640.0,2.0,11.934377706268595,42.96375974256694
4650.0,2.0,11.960098347876933,43.05635405235696
4660.0,2.0,11.98581898948527,43.148948362146974
4670.0,2.0,12.011539631093607,43.24154267193698
4680.0,2.0,12.037260272701944,43.334136981727
4690.0,2.0,12.062980914310282,43.426731291517015
4700.0,2.0,12.08870155591862,43.51932560130704
4710.0,2.0,12.11442219752696,43.611919911097054
4720.0,2.0,12.140142839135297,43.70451422088707
4730.0,2.0,12.165863480743633,43.79710853067708
4740.0,2.0,12.191584122351973,43.8897028404671
4750.0,2.0,12.21730476396031,43.98229715025712
4760.0,2.0,12.243025405568645,44.07489146004712
4770.0,2.0,12.268746047176984,44.16748576983714
4780.0,2.0,12.294466688785322,44.26008007962716
4790.0,2.0,12.320187330393656,44.35267438941716
4800.0,2.0,12.345907972001996,44.44526869920718
4810.0,2.0,12.371628613610334,44.5378630089972
4820.0,2.0,12.39734925521867,44.63045731878721
4830.0,2.0,12.423069896827009,44.72305162857723
4840.0,2.0,12.448790538435347,44.81564593836725
4850.0,2.0,12.474511180043681,44.90824024815725
4860.0,2.0,12.50023182165202,45.00083455794727
4870.0,2.0,12.525952463260358,45.09342886773729
4880.0,2.0,12.551673104868692,45.18602317752729
4890.0,2.0,12.577393746477032,45.27861748731731
4900.0,2.0,12.60311438808537,45.37121179710733
4910.0,2.0,12.628835029693708,45.463806106897344
4920.0,2.0,12.654555671302045,45.55640041668737
4930.0,2.0,12.680276312910385,45.64899472647739
4940.0,2.0,12.70599695451872,45.7415890362674
4950.0,2.0,12.731717596127059,45.834183346057415
4960.0,2.0,12.757438237735398,45.92677765584744
4970.0,2.0,12.783158879343732,46.01937196563744
4980.0,2.0,12.80887952095207,46.111966275427456
4990.0,2.0,12.83460016256041,46.20456058521748
5000.0,2.0,12.860320804168744,46.29715489500748
5010.0,2.0,12.886041445777082,46.389749204797496
5020.0,2.0,12.911762087385421,46.48234351458752
5030.0,2.0,12.937482728993757,46.57493782437753
5040.0,2.0,12.963203370602095,46.667532134167544
5050.0,2.0,12.988924012210434,46.76012644395756
5060.0,2.0,13.014644653818769,46.85272075374757
5070.0,2.0,13.040365295427106,46.945315063537585
5080.0,2.0,13.066085937035446,47.0379093733276
5090.0,2.0,13.091806578643784,47.13050368311762
5100.0,2.0,13.117527220252121,47.22309799290763
5110.0,2.0,13.14324786186046,47.31569230269765
5120.0,2.0,13.168968503468795,47.40828661248766
5130.0,2.0,13.194689145077133,47.50088092227767
5140.0,2.0,13.22040978668547,47.59347523206769
5150.0,2.0,13.246130428293808,47.68606954185771
5160.0,2.0,13.271851069902146,47.77866385164773
5170.0,2.0,13.297571711510484,47.871258161437744
5180.0,2.0,13.32329235311882,47.96385247122775
5190.0,2.0,13.349012994727158,48.05644678101777
5200.0,2.0,13.374733636335495,48.149041090807785
5210.0,2.0,13.400454277943831,48.241635400597794
5220.0,2.0,13.42617491955217,48.33422971038781
5230.0,2.0,13.451895561160507,48.426824020177826
5240.0,2.0,13.477616202768845,48.51941832996784
5250.0,2.0,13.503336844377182,48.61201263975786
5260.0,2.0,13.52905748598552,48.70460694954787
5270.0,2.0,13.55477812759386,48.797201259337896
5280.0,2.0,13.580498769202197,48.88979556912791
5290.0,2.0,13.606219410810532,48.982389878917914
5300.0,2.0,13.631940052418871,49.07498418870794
5310.0,2.0,13.657660694027209,49.16757849849795
5320.0,2.0,13.683381335635547,49.26017280828797
5330.0,2.0,13.709101977243883,49.35276711807798
5340.0,2.0,13.73482261885222,49.445361427867994
5350.0,2.0,13.760543260460558,49.53795573765801
5360.0,2.0,13.786263902068894,49.63055004744802
5370.0,2.0,13.811984543677234,49.72314435723804
5380.0,2.0,13.837705185285571,49.81573866702806
5390.0,2.0,13.863425826893906,49.908332976818066
5400.0,2.0,13.889146468502245,50.00092728660808
5410.0,2.0,13.914867110110583,50.0935215963981
5420.0,2.0,13.940587751718919,50.186115906188114
5430.0,2.0,13.966308393327257,50.27871021597812
5440.0,2.0,13.992029034935594,50.37130452576814
5450.0,2.0,14.01774967654393,50.463898835558155
5460.0,2.0,14.04347031815227,50.55649314534817
5470.0,2.0,14.069190959760608,50.649087455138186
5480.0,2.0,14.094911601368945,50.7416817649282
5490.0,2.0,14.120632242977283,50.83427607471822
5500.0,2.0,14.146352884585623,50.92687038450824
